English Phrase,Category,French Translation,Spanish Translation,German Translation,Italian Translation,Technical Description,French Technical Description,Spanish Technical Description,German Technical Description,Italian Technical Description,Manual Reference
Distribution Board,Electrical,Tableau de distribution,Cuadro de distribución,Stromverteiler / Sicherungskasten,Quadro di distribuzione,"Main electrical consumer unit required for each system, providing dedicated circuit protection and power allocation for the heat pump and auxiliary controls.","Coffret électrique principal requis pour chaque système, assurant la protection dédiée des circuits et la distribution de l'alimentation pour la pompe à chaleur et les commandes auxiliaires.","Cuadro eléctrico principal requerido para cada sistema, que proporciona protección de circuitos dedicada y distribución de energía para la bomba de calor y los controles auxiliares.","Hauptstromverteiler für jedes System, der eine dedizierte Stromkreisabsicherung und Energieverteilung für Wärmepumpe und Zusatzsteuerungen bietet.","Quadro elettrico principale richiesto per ciascun impianto, che fornisce protezione dedicata dei circuiti e distribuzione dell'alimentazione per la pompa di calore e i comandi ausiliari.",Cosy 6 Section 3.6.1 (p. 21) | Cosy 9 Section 3.6.1 (p. 20) | Cosy 12 Section 3.6.1 (p. 20)
Fused Spur,Electrical,Sortie de câble avec fusible,Conexión con fusible,Geschaltete Sicherungseinheit,Derivazione con interruttore e fusibile,"Switched, fused connection units used to supply dedicated power to components like the Cosy Hub controller, secondary pumps, and immersion heater.","Boîtier de raccordement à interrupteur et fusible fournissant une alimentation dédiée à des composants tels que le régulateur Cosy Hub, les pompes secondaires et le thermoplongeur.","Unidades de conexión conmutadas con fusible utilizadas para suministrar energía dedicada a componentes como el controlador Cosy Hub, bombas secundarias y la resistencia de inmersión.","Geschaltete Anschlussdose mit integrierter Sicherung zur dedizierten Stromversorgung von Komponenten wie Cosy Hub Controller, Sekundärpumpen und Heizstab.","Unità di connessione dotate di interruttore e fusibile per alimentare in modo dedicato componenti quali il controller Cosy Hub, le pompe secondarie e il riscaldatore a immersione.",Cosy 6 Section 3.6.1.B (p. 22) | Cosy 9 Section 3.6.1.B (p. 21) | Cosy 12 Section 3.6.1.B (p. 21)
Isolator / Isolation Switch,Electrical,Sectionneur de proximité,Interruptor seccionador,Hauptschalter / Reparaturschalter,Sezionatore di manovra,Rotary electrical isolation switch installed on the nearest wall or close to the heat pump unit to safely isolate line power during servicing.,Interrupteur rotatif d'isolement électrique installé sur le mur le plus proche ou à proximité de la pompe à chaleur pour isoler en toute sécurité l'alimentation lors de l'entretien.,Interruptor giratorio de aislamiento eléctrico instalado en la pared más cercana o junto a la unidad para aislar con seguridad la corriente de línea durante el mantenimiento.,"Drehschalter zur elektrischen Trennung nahe der Wärmepumpe, um die Netzspannung während der Wartung sicher freizuschalten.",Interruttore rotativo di isolamento elettrico installato a parete o in prossimità della pompa di calore per isolare in sicurezza la linea di alimentazione durante la manutenzione.,Cosy 6 Section 9.7.3 (p. 56) | Cosy 9 Section 9.6.3 (p. 55) | Cosy 12 Section 9.7.3 (p. 56)
Cable Sizing,Electrical,Dimensionnement des câbles,Dimensionamiento de cables,Kabeldimensionierung,Dimensionamento dei cavi,"Specified heavy-duty cable conductors (e.g., 4mm² or 6mm² 3-core NYY-J / H07 flex) sized according to current draw requirements.",Conducteurs renforcés spécifiés (ex. 4 mm² ou 6 mm² 3 conducteurs NYY-J / H07 flex) dimensionnés selon les exigences d'intensité du courant.,"Conductores reforzados especificados (p. ej., 4 mm² o 6 mm² de 3 hilos NYY-J / H07 flex) dimensionados según los requerimientos de corriente.",Spezifizierte Starkstromkabel (z. B. 4 mm² oder 6 mm² 3-adrig NYY-J / H07 Flex) basierend auf der erforderlichen Stromaufnahme.,Conduttori elettrici specificati (es. 4 mm² o 6 mm² tripolari NYY-J / H07 flex) dimensionati in base ai requisiti di assorbimento di corrente.,Cosy 6 Section 9.7 (p. 55) | Cosy 9 Section 9.7 (p. 54) | Cosy 12 Section 3.7 (p. 23)
Contactor,Electrical,Contacteur,Contactor,Schütz (Leistungsschütz),Contattore,Electrically controlled high-current switch used in higher capacity units (such as Cosy 12) to safely handle electrical loads.,Commutateur électrique haute intensité utilisé dans les unités de plus grande capacité (comme la Cosy 12) pour gérer en toute sécurité les charges électriques élevées.,"Interruptor de alta corriente controlado eléctricamente, utilizado en unidades de mayor capacidad (como Cosy 12) para manejar cargas eléctricas elevadas con seguridad.","Elektrisch gesteuerter Hochstromschalter in Geräten mit höherer Leistung (wie Cosy 12), um hohe elektrische Lasten sicher zu schalten.",Interruttore elettrico ad alta corrente utilizzato nelle unità a capacità superiore (come Cosy 12) per gestire in sicurezza i carichi elettrici.,Cosy 12 Section 3.7 (p. 23)
Cosy Hub / Controller Wiring,Electrical,Câblage du régulateur Cosy Hub,Cableado del regulador Cosy Hub,Cosy Hub / Reglerverkabelung,Cablaggio centralina Cosy Hub,"Terminal block connections on the indoor master controller used to wire zone valves, temperature sensors, and communication lines.","Borniers de raccordement du régulateur principal intérieur utilisés pour câbler les vannes de zone, les sondes de température et les lignes de communication.","Bornes de conexión en el controlador principal de interior utilizados para cablear válvulas de zona, sensores de temperatura y líneas de comunicación.","Klemmenblöcke der Innensteuerung zur Verkabelung von Zonenventilen, Temperatursensoren und Kommunikationsleitungen.","Morsettiere della centralina interna utilizzate per collegare valvole di zona, sonde di temperatura e linee di comunicazione.",Cosy 6 Section 10.4 (p. 60) | Cosy 9 Section 10.4 (p. 59) | Cosy 12 Section 10.4 (p. 60)
Modbus Ports,Electrical,Ports Modbus,Puertos Modbus,Modbus-Anschlüsse,Porte Modbus,Dedicated serial communication terminals used with supplied cable to enable data telemetry between the Cosy Hub and the outdoor monobloc unit.,Bornes de communication série dédiées utilisées avec le câble fourni pour permettre la télémesure de données entre le Cosy Hub et le groupe monobloc extérieur.,Terminales de comunicación serie dedicados utilizados con el cable suministrado para permitir la telemetría de datos entre el Cosy Hub y la unidad monobloc exterior.,Spezielle serielle Schnittstellenklemmen zur Datenübertragung zwischen Cosy Hub und der Monoblock-Außeneinheit mittels mitgeliefertem Kabel.,Morsetti dedicati alla comunicazione seriale usati con il cavo fornito per consentire la trasmissione dati tra il Cosy Hub e l'unità monoblocco esterna.,Cosy 6 Section 10.4 (p. 61) | Cosy 9 Section 10.4.2 (p. 60) | Cosy 12 Section 10.4.2 (p. 61)
Zigbee / Cosy Pods,Electrical,Pods Cosy / Zigbee,Cosy Pods / Zigbee,Zigbee / Cosy Pods,Cosy Pods / Zigbee,Wireless room sensors that communicate over Zigbee to measure ambient room temperature and humidity for zone control.,Sondes d'ambiance sans fil communiquant via le protocole Zigbee pour mesurer la température ambiante et l'humidité pour la régulation par zone.,Sensores de estancia inalámbricos que se comunican por Zigbee para medir la temperatura ambiente y la humedad para el control de zonas.,"Drahtlose Raumsensoren, die über Zigbee kommunizieren, um Raumtemperatur und Luftfeuchtigkeit für die Zonenregelung zu erfassen.",Sensori ambiente wireless che comunicano tramite protocollo Zigbee per misurare la temperatura e l'umidità ambiente per il controllo a zone.,Cosy 6 Section 11.4 (p. 77–79) | Cosy 9 Section 11.4 (p. 79–81) | Cosy 12 Section 11.4 (p. 82–84)
Monobloc Unit,Mechanical,Groupe monobloc,Unidad monobloc,Monoblock-Außeneinheit,Unità monoblocco,"Self-contained outdoor heat pump assembly housing the compressor, fan, plate heat exchanger, expansion vessel, and circulation pump.","Ensemble autonome de pompe à chaleur extérieur abritant le compresseur, le ventilateur, l'échangeur à plaques, le vase d'expansion et la pompe de circulation.","Conjunto exterior compacto e independiente que alberga el compresor, ventilador, intercambiador de placas, vaso de expansión y bomba de circulación.","Kompakte Außeneinheit bestehend aus Verdichter, Ventilator, Plattenwärmetauscher, Ausdehnungsgefäß und Umwälzpumpe.","Gruppo autonomo esterno della pompa di calore contenente compressore, ventilatore, scambiatore a piastre, vaso di espansione e pompa di circolazione.",Cosy 6 Section 4.1 (p. 24–25) | Cosy 9 Section 4.1 (p. 23–24) | Cosy 12 Section 4.1 (p. 24–25)
Plate Heat Exchanger,Mechanical,Échangeur de chaleur à plaques,Intercambiador de calor de placas,Plattenwärmetauscher,Scambiatore di calore a piastre,Internal component where heat energy transfers from the sealed R290 refrigerant circuit into the central heating system water.,Composant interne où l'énergie thermique est transférée du circuit frigorifique fermé au R290 vers l'eau du circuit de chauffage central.,Componente interno donde se transfiere la energía térmica del circuito cerrado de refrigerante R290 al agua de calefacción.,Interne Komponente zur Übertragung der Wärmeenergie vom geschlossenen R290-Kältemittelkreis auf das Heizungswasser.,Componente interno in cui il calore viene trasferito dal circuito chiuso del refrigerante R290 all'acqua dell'impianto di riscaldamento.,Cosy 6 Section 4.1 (p. 25) | Cosy 9 Section 4.1 (p. 23) | Cosy 12 Section 4.1 (p. 25)
Delta-T Spread (ΔT),Mechanical,Écart Delta-T (ΔT),Diferencial Delta-T (ΔT),Delta-T Spreizung (ΔT),Salto termico Delta-T (ΔT),Controlled target temperature difference between flow and return pipes maintained by modulating water pump speed during heating mode.,Écart de température cible entre le départ et le retour maintenu par la modulation de la vitesse de la pompe à eau en mode chauffage.,"Diferencia de temperatura objetivo controlada entre la impulsión y el retorno, mantenida regulando la velocidad de la bomba en modo calefacción.",Geregelte Ziel-Temperaturdifferenz zwischen Vor- und Rücklauf durch Modulation der Umwälzpumpe im Heizbetrieb.,"Salto termico obiettivo controllato tra mandata e ritorno, mantenuto modulando la velocità della pompa dell'acqua in modalità riscaldamento.",Cosy 6 Section 13.1 (p. 83) | Cosy 9 Section 13.1 (p. 85) | Cosy 12 Section 13.1 (p. 88)
Expansion Vessel,Mechanical,Vase d'expansion,Vaso de expansión,Ausdehnungsgefäß,Vaso di espansione,10-litre internal pressure vessel designed to accommodate thermal expansion of fluid in the sealed heating system.,Vase sous pression interne de 10 litres conçu pour absorber la dilatation thermique du fluide dans le circuit de chauffage fermé.,Recipiente de presión interno de 10 litros diseñado para absorber la expansión térmica del fluido en el sistema cerrado de calefacción.,Internes 10-Liter-Druckexpansionsgefäß zur Aufnahme der thermischen Volumenausdehnung des Heizungswassers im geschlossenen System.,Serbatoio di pressione interno da 10 litri progettato per assorbire la dilatazione termica del fluido nell'impianto di riscaldamento.,Cosy 6 Section 4.1 (p. 25) | Cosy 9 Section 4.1 (p. 23) | Cosy 12 Section 4.1 (p. 25)
Strainer,Mechanical,Filtre à tamis (Filtre à boues),Filtro de malla (Filtro colador),Schmutzfänger / Siebfilter,Filtro a Y / Filtro a rete,Mechanical mesh filter fitted in the return pipework to collect debris and protect internal components from contamination.,Filtre mécanique installé sur la tuyauterie de retour pour collecter les débris et protéger les composants internes de la contamination.,Filtro mecánico instalado en la tubería de retorno para capturar residuos y proteger los componentes internos.,Mechanischer Filter im Rücklauf zum Auffangen von Partikeln und Schutz interner Komponenten vor Verschmutzung.,Filtro meccanico installato sulla tubazione di ritorno per raccogliere le impurità e proteggere i componenti interni.,Cosy 6 Section 4.1 (p. 25) | Cosy 9 Section 4.1 (p. 23) | Cosy 12 Section 4.1 (p. 25)
Diverter Valve (2/3-Port),Mechanical,Vanne directionnelle (2 ou 3 voies),Válvula desviadora (2/3 vías),Umschaltventil (2/3-Wege),Valvola deviatrice (2/3 vie),"Motorized mechanical valves (e.g., ESBE or Honeywell) wired to the Hub to direct water flow between heating zones and domestic hot water.",Vannes motorisées câblées au Hub pour orienter le débit d'eau entre les zones de chauffage et le ballon d'eau chaude sanitaire.,Válvulas motorizadas conectadas al Hub para dirigir el flujo de agua entre las zonas de calefacción y el agua caliente sanitaria.,"Motorisierte Ventile, die am Hub angeschlossen sind, um den Wasserstrom zwischen Heizkreisen und Warmwasserspeicher zu steuern.",Valvole motorizzate collegate al Hub per indirizzare il flusso d'acqua tra le zone di riscaldamento e l'acqua calda sanitaria.,Cosy 6 Section 10.5 (p. 62–68) | Cosy 9 Section 10.5 (p. 61–67) | Cosy 12 Section 10.5 (p. 62–68)
Antifreeze Valve Prohibition,Mechanical,Interdiction des vannes antigel,Prohibición de válvulas anticongelantes,Verbot von Frostschutzventilen,Divieto di valvole antigelo,Strict requirement prohibiting the installation of antifreeze valves on Cosy heat pump systems.,Exigence stricte interdisant l'installation de vannes antigel sur les systèmes de pompe à chaleur Cosy.,Requisito estricto que prohíbe la instalación de válvulas anticongelantes en los sistemas de bomba de calor Cosy.,"Strikte Vorgabe, die die Installation von Frostschutzventilen an Cosy-Wärmepumpensystemen untersagt.",Requisito severo che vieta l'installazione di valvole antigelo sugli impianti con pompa di calore Cosy.,Cosy 6 Section 3.4.5 (p. 16) | Cosy 9 Section 3.4.5 (p. 15) | Cosy 12 Section 3.4.5 (p. 15)
Soakaway / Drainage,Mechanical,Lit de gravier / Évacuation des condensats,Drenaje / Pozo de filtración,Sickergrube / Kondensatablauf,Pozzetto di drenaggio / Scarico condense,"Gravel bed or minimum 3/4"" PVC condensate drainage pipe underneath the unit base to safely route defrost water runoff away.","Lit de gravier ou tuyau d'évacuation PVC d'au moins 3/4"" sous le socle pour évacuer l'eau de dégivrage en toute sécurité.","Lecho de grava o tubería de drenaje de PVC de al menos 3/4"" debajo de la base para evacuar el agua de desescarche.","Kiesbett oder mindestens 3/4""-PVC-Ablaufrohr unter dem Sockel zur sicheren Ableitung des Abtauwassers.","Letto di ghiaia o tubo di scarico in PVC da almeno 3/4"" sotto la base per smaltire in sicurezza l'acqua di sbrinamento.",Cosy 6 Section 9.3.3 (p. 48) | Cosy 9 Section 9.3.3 (p. 47) | Cosy 12 Section 9.3.3 (p. 48)
R290 Refrigerant (Propane),Health & Safety,Fluide frigorigène R290 (Propane),Refrigerante R290 (Propano),Kältemittel R290 (Propan),Refrigerante R290 (Propano),"Natural refrigerant classified as an A3 flammable gas requiring specific safe siting, leak detection, and ventilation precautions.","Frigorigène naturel classé A3 (inflammable) nécessitant un emplacement sécurisé, une détection des fuites et une ventilation adaptée.","Refrigerante natural clasificado como gas inflamable A3 que requiere precauciones especiales de ubicación, detección de fugas y ventilación.","Natürliches Kältemittel der Sicherheitsgruppe A3 (brennbar), das spezielle Anforderungen an Aufstellung, Leckageerkennung und Belüftung stellt.","Refrigerante naturale classificato come gas infiammabile A3 che richiede precise precauzioni per il posizionamento, la rilevazione di fughe e la ventilazione.",Cosy 6 Section 1.3 (p. 8) | Cosy 9 Section 1.3 (p. 7) | Cosy 12 Section 1.3 (p. 7)
No Spark Zone,Health & Safety,Zone d'exclusion d'étincelles,Zona libre de chispas,Funkenfreier Schutzbereich,Zona priva di inneschi,Designated 3D boundary volume around the unit that must be kept entirely free of potential ignition sources.,Volume de sécurité 3D autour de l'unité qui doit être totalement exempt de toute source d'inflammation potentielle.,Volumen perimetral tridimensional alrededor de la unidad que debe mantenerse totalmente libre de fuentes de ignición.,"Dreidimensionaler Sicherheitsbereich um das Gerät, der strikt frei von potenziellen Zündquellen gehalten werden muss.",Volume tridimensionale di sicurezza attorno all'unità che deve essere mantenuto privo di qualsiasi potenziale fonte di innesco.,Cosy 6 Section 6.3.2 (p. 34) | Cosy 9 Section 6.3.2 (p. 33) | Cosy 12 Section 6.3.2 (p. 34)
Door & Window Clearance Zone,Health & Safety,Distance de sécurité aux ouvertures,Distancias de seguridad a puertas y ventanas,Schutzabstände zu Türen und Fenstern,Distanza di sicurezza da porte e finestre,"Mandatory safety clearance distances preventing placement near openable doors, windows, or ventilation intakes.",Distances minimales obligatoires empêchant la pose à proximité de portes ou fenêtres ouvrantes ou de prises d'air.,"Distancias mínimas obligatorias que impiden la instalación cerca de puertas, ventanas practicables o tomas de aire.","Vorgeschriebene Mindestabstände zu öffenbaren Türen, Fenstern oder Lüftungsöffnungen.","Distanze minime obbligatorie per evitare il posizionamento in prossimità di porte, finestre apribili o prese d'aria.",Cosy 6 Section 6.3.3 (p. 35–36) | Cosy 9 Section 6.3.3 (p. 34–35) | Cosy 12 Section 6.3.3 (p. 35–36)
OFN (Oxygen-Free Nitrogen),Health & Safety,Azote exempt d'oxygène (OFN),Nitrógeno libre de oxígeno (OFN),Sauerstofffreier Stickstoff (OFN),Azoto privo di ossigeno (OFN),"Inert gas used exclusively for system flushing, pressure testing, and breaking vacuums safely during servicing or repairs.","Gaz inerte utilisé exclusivement pour le rinçage du circuit, les essais de pression et le cassage du vide lors des réparations.","Gas inerte utilizado exclusivamente para la purga del sistema, pruebas de presión y rotura de vacío de forma segura.","Inertes Gas, das ausschließlich zum Spülen, zur Druckprüfung und zum sicheren Brechen des Vakuums bei Wartungen verwendet wird.","Gas inerte utilizzato esclusivamente per il lavaggio dell'impianto, le prove di pressione e la rottura del vuoto in sicurezza.",Cosy 6 Section 14.5.3 (p. 93) | Cosy 9 Section 14.5.3 (p. 95) | Cosy 12 Section 14.5.3 (p. 98)
Chemical Fixative / M10 Bolts,Health & Safety,Chevilles chimiques / Tiges filetées M10,Anclaje químico / Pernos M10,Chemischer Anker / M10-Bolzen,Tasselli chimici / Bulloni M10,M10 x 130mm threaded rod bolts secured into concrete slabs using resin fixative to anchor the unit against tipping hazards.,Tiges filetées M10 x 130 mm ancrées dans la dalle béton à l'aide de résine chimique pour fixer la PAC contre le basculement.,Varillas roscadas M10 x 130 mm fijadas en la solera de hormigón mediante resina química para asegurar la unidad contra vuelcos.,"M10 x 130 mm Gewindestangen, die mit Injektionsmörtel in der Betonplatte verankert werden, um ein Kippen des Geräts zu verhindern.",Barre filettate M10 x 130 mm ancorate nel basamento in calcestruzzo tramite resina chimica per fissare l'unità ed evitarne il ribaltamento.,Cosy 6 Section 9.5 (p. 51–52) | Cosy 9 Section 9.5 (p. 50–51) | Cosy 12 Section 9.5 (p. 51–52)
Intrinsically Safe Components,Health & Safety,Composants à sécurité intrinsèque,Componentes de seguridad intrínseca,Eigensichere Bauteile,Componenti a sicurezza intrinseca,Electrical components certified to prevent sparks or thermal conditions capable of igniting an R290 gas atmosphere.,Composants électriques certifiés pour empêcher les étincelles ou l'échauffement susceptible d'enflammer une atmosphère R290.,Componentes eléctricos certificados para evitar chispas o altas temperaturas capaces de inflamar una atmósfera con R290.,"Zertifizierte elektrische Komponenten, die das Auftreten von Funken oder heißen Oberflächen im R290-Umfeld verhindern.",Componenti elettrici certificati per prevenire scintille o condizioni termiche in grado di innescare un'atmosfera contenente R290.,Cosy 6 Section 14.5.5 (p. 94) | Cosy 9 Section 14.5.5 (p. 96) | Cosy 12 Section 14.5.5 (p. 99)
A3 Recovery Equipment,Health & Safety,Équipement de récupération A3,Equipo de recuperación para A3,A3-Absauggeräte,Attrezzatura di recupero A3,Certified recovery machines and storage cylinders rated specifically for handling flammable A3 refrigerants safely.,Station de récupération et bouteilles certifiées spécifiquement adaptées à la manipulation en toute sécurité des fluides A3 inflammables.,Estaciones de recuperación y botellas de almacenamiento certificadas para manipular con seguridad refrigerantes inflamables A3.,"Zertifizierte Absaugstationen und Kältemittelflaschen, die speziell für den sicheren Umgang mit brennbaren A3-Kältemitteln zugelassen sind.",Gruppi di recupero e bombole certificate specificamente per la manipolazione in sicurezza di refrigeranti infiammabili di classe A3.,Cosy 6 Section 15.1 (p. 96) | Cosy 9 Section 14.5.8 (p. 97–98) | Cosy 12 Section 15.1 (p. 100–101)
Copper Pipe (rigid / straight lengths),Mechanical,Tube en cuivre (Tube cuivre),Tubo de cobre,Kupferrohr,Tubo in rame,"Hard-drawn, seamless straight copper tube (R290 or R250 temper), intended for visible, surface-mounted, or structured HVAC and fluid distribution networks requiring high mechanical rigidity and pressure resistance.","Tube en cuivre rigide sans soudure (écroui, état R290/R250), destiné aux réseaux de distribution de fluides et CVC apparents nécessitant une haute tenue mécanique et à la pression.","Tubo de cobre rígido estirado sin soldadura (estado de temple R290/R250), destinado a redes de distribución de fluidos y climatización en tramos vistos que requieren alta rigidez mecánica y resistencia a la presión.","Nahtloses, hartgezogenes Kupferrohr in Stangen (Festigkeitsklasse R290/R250) für die oberflächige oder strukturierte Verlegung in Sanitär-, Heizungs- und Klima-Anlagen mit hohen Anforderungen an Formstabilität und Druckfestigkeit.","Tubo in rame rigido senza saldatura in barre dritto (stato fisico R290/R250), destinato a reti di distribuzione fluidi e impianti HVAC a vista con elevate caratteristiche di rigidità meccanica e tenuta alla pressione.",
Flexible / Coiled Copper (soft-annealed),Mechanical,Cuivre couronniste / Tube en couronne,Tubo de cobre recocido (en rollo),Kupfer-Weichrohr (Ringware),Tubo in rame recotto (in rotolo),"Soft-annealed seamless copper tubing supplied in coils (R220 temper), designed for easy manual bending, routing through concealed spaces, embedded floor systems, or underground utility runs without extra fittings.","Tube en cuivre recuit sans soudure livré en couronne (état R220), conçu pour le cintrage manuel aisé, le passage en encastré, la pose en dalle ou les enterrés sans raccords intermédiaires.","Tubo de cobre recocido sin soldadura suministrado en rollo/corona (temple R220), diseñado para el curvado manual sencillo, la instalación empotrada, bajo pavimento o enterrada sin necesidad de accesorios intermedios.","Nahtloses Kupfer-Weichrohr in Ringware (Festigkeitsklasse R220), speziell für die leichte biegsame Handverlegung, Unterputzinstallation, Fußbodenheizung sowie Unterflurleitungen ohne zusätzliche Verbindungsstücke.","Tubo in rame recotto senza saldatura in rotoli (stato fisico R220), idoneo per la curvatura manuale e la posa incassata, sottotraccia, a pavimento o sotterranea senza l'uso di raccordi intermedi.",
Heat Pump Refrigerant Line (pre-insulated double tube),Mechanical,Liaison frigorifique isolée,Línea frigorífica aislada (Tubo de cobre frigorífico),Kältemittelleitung (Kälteleitung),Linea frigorifera isolata (Tubo in rame per condizionamento),"Deoxidized high-phosphorus (DHP) seamless copper tubing for air conditioning and refrigeration, clean/dry internal surface, pre-insulated with closed-cell elastomeric foam for refrigerant circuits (R32, R410A, R290) in heat pumps.","Liaison frigorifique en cuivre Cu-DHP sans soudure pour le génie frigorifique et la climatisation, asséchée et bouchonnée, pré-isolée par manchon élastomère à cellules fermées pour circuits d'implantations PAC/split.","Tubo de cobre frigorífico sin soldadura Cu-DHP para climatización y refrigeración, deshidratado y sellado, preaislado con espuma elastomérica de celda cerrada para circuitos de refrigerante en bombas de calor y equipos split.","Nahtloses Kältekupferrohr (Cu-DHP) mit innen sauberer und trockener Oberfläche, werkseitig vorisoliert mit geschlossenzelligem Dämmstoff für den Einsatz in Kältemittelkreisläufen (z. B. R32, R410A, R290) von Wärmepumpen und Klimageräten.","Tubo in rame per refrigerazione e condizionamento Cu-DHP senza saldatura, disidratato e tappato, pre-coibentato con guaina isolante in espanso elastomerico a cellule chiuse per linee frigorifere di pompe di calore.",
Central Heating Circuit,Mechanical,Tube cuivre pour chauffage,Tubo de cobre para calefacción,Heizungsrohr aus Kupfer,Tubo in rame per riscaldamento,"Seamless copper pipe specification optimized for hydronic heating loops (radiators, underfloor manifolds, and boiler connections), providing internal corrosion resistance to treated system water and high temperature stability.","Tube en cuivre pour réseaux de chauffage central hydraulique (liaisons chaudière, nourrices et radiateurs), garantissant la tenue aux fluides caloporteurs à haute température et la résistance à la corrosion interne.","Tubo de cobre para circuitos cerrados de calefacción por agua caliente (conexión de calderas, colectores y radiadores), optimizado para resistir altas temperaturas y corrosión en fluidos caloportadores.","Kupferrohr für geschlossene Warmwasser-Heizungskreisläufe (Kesselanbindung, Heizkreisverteiler, Heizkörperanschluss) mit hohem Widerstand gegen sauerstoffarmes Systemwasser und Temperaturbeständigkeit.","Tubo in rame per impianti di riscaldamento idronico a circuito chiuso (collegamento caldaia, collettori di distribuzione e radiatori), idoneo per alte temperature e resistente all'azione dei fluidi termovettori.",
Domestic Water Line,Mechanical,Tube cuivre eau sanitaire,Tubo de cobre para agua potable / sanitaria,Trinkwasserrohr aus Kupfer,Tubo in rame per acqua sanitaria,"High-purity seamless copper pipe rated for domestic hot and cold potable water distribution, with passivated internal walls to prevent pitting corrosion and comply with strict drinking water hygienic standards.","Tube en cuivre sanitaire sans soudure certifié pour la distribution d'eau potable chaude et froide, doté d'un traitement de surface interne empêchant la corrosion perforante et garantissant la conformité sanitaire.","Tubo de cobre para agua de consumo humano (potable fría y caliente), con superficie interior tratada para prevenir la corrosión por picadura y cumplir con la normativa higiénico-sanitaria.",Trinkwasserrohr aus nahtlosem Kupfer für die Kalt- und Warmwasserinstallation mit passivierter Innenoberfläche zur Vermeidung von Lochfraß.,"Tubo in rame idrosanitario senza saldatura per trasporto di acqua potabile calda e fredda, con superficie interna trattata contro la corrosione e idonea al contatto con acqua potabile.",
Gas Supply Line,Mechanical,Tube cuivre pour gaz,Tubo de cobre para gas,Gasrohr aus Kupfer,Tubo in rame per gas,"Seamless copper tubing explicitly approved for natural gas and LPG fuel lines, featuring thickened walls, dedicated color-coding/sheathing, and strict compliance with national fuel-gas safety requirements.","Tube en cuivre sans soudure homologué pour la distribution de gaz naturel et GPL, nécessitant un marquage spécifique et souvent doté d'une gaine de protection jaune.","Tubo de cobre sin soldadura homologado para instalaciones de gas natural y GLP, dotado de recubrimiento protector exterior de color amarillo según exigencia de seguridad.","Nahtloses Kupferrohr mit spezieller Zulassung für Erdgas- und Flüssiggasinstallationen, ausgelegt für erhöhte Sicherheitsanforderungen im Brenngasbereich.","Tubo in rame per impianti a gas combustibile (metano e GPL), fornito di norma con guaina protettiva esterna di colore giallo ad alta visibilità.",
Residual Current Circuit Breaker with Overcurrent (RCBO),Electrical,Disjoncteur différentiel (DD / DDR),Interruptor magnetotérmico diferencial,FI/LS-Schalter (Fehlerstrom-Leitungsschutzschalter),Interruttore magnetotermico differenziale,Combined circuit breaker providing both overcurrent and earth leakage protection on dedicated heat pump supplies.,Disjoncteur différentiel assurant la protection contre les surintensités et les fuites à la terre sur l'alimentation dédiée de la pompe à chaleur.,Interruptor magnetotérmico diferencial que proporciona protección contra sobreintensidades y fugas a tierra en la alimentación dedicada de la bomba de calor.,Kombinierter Schutzschalter für Überstrom- und Fehlerstromschutz in der dedizierten Stromversorgung der Wärmepumpe.,Interruttore automatico combinato che fornisce protezione da sovracorrente e dispersione verso terra sulla linea dedicata della pompa di calore.,
Volts-Free Contacts / Dry Contacts,Electrical,Contacts secs / Contacts libres de potentiel,Contactos libres de tensión / Contactos secos,Potenzialfreie Kontakte,Contatti puliti / Contatti a secco,"Signal relay contacts without internal power supply used for external enabling (e.g., thermostat to heat pump PCB).","Contacts de relais de signal sans tension interne, utilisés pour la commande externe (ex. thermostat vers carte électronique de la PAC).",Contactos de relé de señal sin alimentación interna utilizados para el control externo (ej. termostato a la placa de control de la bomba de calor).,Potenzialfreie Relaiskontakte ohne eigene Spannung zur externen Freigabe (z. B. Thermostat an Wärmepumpen-Platine).,Contatti relè di segnale privi di tensione interna usati per il consenso esterno (es. da termostato a scheda elettronica della pompa di calore).,
Low Voltage Direct Current (LVDC) Signal Wire,Electrical,Câble de signal MBTS / Très Basse Tension (TBT),Cable de señal de muy baja tensión (MBTV),Kleinspannungs-Signalleitung (SELV),Cavo di segnale a bassissima tensione (SELV),Shielded cabling for sensors and digital communication line routing separated from 230V/400V mains lines.,"Câblage blindé pour capteurs et bus de communication, séparé des lignes réseau 230V/400V","Cableado apantallado para sensores y líneas de comunicación digital, separado de las líneas de red de 230V/400V.","Abgeschirmte Signalleitung für Sensoren und digitale Kommunikation, getrennt von 230V/400V-Netzleitungen verlegt.","Cavo schermato per sensori e linee di comunicazione digitale, separato dalle linee di rete a 230V/400V.",
CT Clamp (Current Transformer),Electrical,Pince ampèremétrique / Transformateur de courant,Pinza amperimétrica / Transformador de intensidad,Stromwandler-Klemme (CT-Klemme),Pinza amperometrica / Trasformatore di corrente,External current sensor fitted to main supply Tails to monitor household electrical load and manage smart tariff/load-shedding.,Capteur de courant externe installé sur l'alimentation principale pour surveiller la charge électrique du bâtiment et gérer le délestage.,Sensor de corriente externo instalado en la acometida principal para monitorizar la carga eléctrica y gestionar el control de demanda.,Externer Stromsensor an der Hauptzuleitung zur Überwachung der elektrischen Last und Steuerung von Lastabwurf oder Smarthome-Tarifen.,Sensore di corrente esterno installato sui cavi di alimentazione principali per monitorare il carico elettrico e gestire il controllo dei carichi.,
Immersion Heater Lockout Relay,Electrical,Relais de verrouillage du thermoplongeur,Relé de enclavamiento de la resistencia eléctrica,Sperrrelais für Elektro-Heizstab,Relè di blocco della resistenza elettrica,Safety interlock relay preventing secondary electric immersion heater operating simultaneously with peak compressor loads.,Relais de verrouillage de sécurité empêchant le fonctionnement simultané de la résistance électrique d'appoint et du compresseur à pleine charge.,Relé de enclavamiento de seguridad que impide el funcionamiento simultáneo de la resistencia eléctrica de apoyo con las cargas pico del compresor.,"Sicherheits-Sperrrelais, das den gleichzeitigen Betrieb des Elektro-Heizstabs mit Spitzenlasten des Kompressors verhindert.",Relè di blocco di sicurezza che impedisce il funzionamento simultaneo della resistenza elettrica integrativa e del compressore a pieno carico.,
Bus Cable (RS485),Electrical,Câble Bus (RS485),Cable de bus (RS485),Bus-Leitung (RS485),Cavo Bus (RS485),Twisted-pair shielded wiring required for robust protocol data transmission between outdoor unit and indoor controllers.,Câble à paire torsadée blindée requis pour la transmission fiable de données entre l'unité extérieure et les régulateurs intérieurs.,Cable de par trenzado apantallado necesario para una transmisión de datos estable entre la unidad exterior y los controladores interiores.,Geschirmte verdrillte Zweidrahtleitung für zuverlässige Datenübertragung zwischen Außengerät und inneren Steuerungen.,Cavo a coppia ritorta schermata necessario per la trasmissione dati affidabile tra l'unità esterna e i regolatori interni.,
Buffer Tank / Vessel,Mechanical,Bouteille de mélange / Ballon tampon,Depósito inercial / Acumulador de inercia,Pufferspeicher,Serbatoio polano / Inserzione idraulica,Primary hydraulic separator tank ensuring minimum system water volume and flow rate requirements during defrost cycles.,Bouteille de mélange garantissant le volume d'eau et le débit minimaux requis par l'installation lors des phases de dégivrage.,Depósito separador hidráulico que garantiza el volumen de agua y el caudal mínimo del sistema durante los ciclos de desescarche.,Hydraulischer Trennspeicher zur Sicherstellung des Mindestvolumenstroms und der Wassermenge während der Abtauphase.,Serbatoio di accumulo/separazione idraulica che garantisce il volume d'acqua e la portata minima dell'impianto durante i cicli di sbrinamento.,
Low Loss Header,Mechanical,Bouteille de découplage hydraulique,Aguja hidráulica / Separador hidráulico,Hydraulische Weiche,Compensatore idraulico,Hydraulic balancing vessel decoupling primary heat pump flow from secondary zone distribution circuits.,Bouteille de découplage hydraulique séparant le circuit primaire de la PAC des circuits secondaires de distribution.,Depósito de desacoplamiento hidráulico que separa el circuito primario de la bomba de calor de los circuitos secundarios de distribución.,Hydraulische Weiche zur Entkopplung des primären Wärmepumpenkreislaufs vom sekundären Heizkreis.,Compensatore idraulico che separa il circuito primario della pompa di calore dai circuiti secondari di distribuzione.,
Automatic Bypass Valve,Mechanical,Soupape de décharge automatique,Válvula de presión diferencial / Bypass automático,Überströmventil,Valvola di bypass automatico,Spring-loaded pressure differential valve ensuring minimum water circulation through heat pump when thermostatic valves close.,Soupape de décharge différentielle maintenant une circulation d'eau minimale dans la PAC lorsque les vanne thermostatiques se ferment.,Válvula de presión diferencial que asegura una circulación mínima de agua en la bomba de calor cuando se cierran las válvulas termostáticas.,Druckgesteuertes Überströmventil zur Sicherung des Mindestumlaufs der Wärmepumpenanlage bei geschlossenen Thermostatventilen.,Valvola di bypass differenziale che garantisce la circolazione minima dell'acqua nella pompa di calore quando le valvole termostatiche si chiudono.,
Anti-Vibration Flexible Hoses,Mechanical,Manchons antivibratiles / Flexibles de raccordement,Latiguillos antivibratorios / Manguitos antivibratori,Panzerflexschläuche / Schwingungsdämpfer,Tubi flessibili antivibranti,Stainless steel braided hoses connecting outdoor heat pump to rigid indoor pipework to isolate vibration transfer.,Flexibles en inox tressé raccordant l'unité extérieure au réseau rigide intérieur pour isoler la transmission des vibrations.,Latiguillos flexibles de acero inoxidable que conectan la unidad exterior a la tubería rígida interior para aislar la transmisión de vibraciones.,Edelstahl-Panzerschläuche zur Schwingungsentkopplung zwischen dem Außengerät und der starren Innenverrohrung.,Tubi flessibili in treccia d'acciaio inox che collegano l'unità esterna alla tubazione rigida interna per isolare la trasmissione delle vibrazioni.,
Mag-Clean / Dirt Separator,Mechanical,Pot de décantation magnétique / Séparateur de boues,Separador de lodos magnético,Schlammabscheider mit Magnet,Defangatore magnetico,Cyclonic inline filter incorporating high-power magnets to extract metallic oxide sludge and particulate debris.,Filtre magnétique à effet cyclonique installé sur le retour pour capturer les oxydes métalliques et les boues en suspension.,"Filtro magnético ciclónico instalado en el retorno para extraer lodos, óxidos metálicos y partículas en suspensión.",Zyklon-Schlammabscheider mit Hochleistungsmagneten auf der Rücklaufleitung zur Entfernung von Magnetit und Schmutzpartikeln.,"Defangatore magnetico ciclonico installato sulla linea di ritorno per catturare fanghi, ossidi metallici e detriti in sospensione.",
Automatic Air Vent (AAV),Mechanical,Purgeur automatique,Purgador automático de aire,Automatischer Entlüfter / Schnellentlüfter,Valvola d'fiato aria automatica,Mechanical float valve placed at top system high-points to automatically discharge trapped air from hydronic lines.,Purgeur à flotteur placé aux points hauts de l'installation pour évacuer automatiquement l'air emprisonné dans le circuit.,Purgador automático de boya instalado en los puntos altos para evacuar continuamente el aire atrapado en la red hidráulica.,Schwimmergesteuerter Entlüfter an den höchsten Punkten des Rohrsystems zum automatischen Ableiten von Lufteinschlüssen.,Valvola di sfiato automatica a galleggiante posizionata nei punti più alti per scaricare automaticamente l'aria intrappolata nel circuito.,
Glycol / Antifreeze Charge,Mechanical,Infiltration / Dose de glycol (antigel),Carga de glicol (anticongelante),Glykol-Füllung / Frostschutzmittel,Carica di glicole (antigelivo),Inhibited propylene glycol mixture injected into outdoor hydronic circuits to freeze-protect uninsulated pipes down to design ambient thresholds.,Mélange de propylène glycol inhibé injecté dans le circuit hydraulique extérieur pour prévenir le gel en cas d'arrêt prolongé.,Mezcla de propilenglicol inhibido cargada en el circuito hidráulico exterior para proteger las tuberías contra la congelación.,Gehemmtes Propylenglykol-Gemisch im Außenkreislauf zum Schutz unisolierter Leitungen vor Frostschäden bei Frequenzausfällen.,Miscela di glicole propilenico inibito caricata nel circuito idraulico esterno per proteggere le tubazioni dal gelo in caso di fermo impianto.,
Primary Circulating Pump,Mechanical,Circulateur primaire,Circulador primario / Bomba de circulación,Heizungsumwälzpumpe (Primärpumpe),Circolatore primario / Pompa di circolazione,Variable-speed high-efficiency pump dedicated to moving water directly through heat pump evaporator/condenser loop.,Circulateur à haut rendement à vitesse variable assurant le débit d'eau direct à travers l'échangeur de la PAC.,Bomba de alta eficiencia de velocidad variable dedicada a mover el agua a través del intercambiador de la bomba de calor.,Hocheffizienz-Umwälzpumpe mit variabler Drehzahl zur Bereitstellung des erforderlichen Volumenstroms durch den Wärmetauscher.,Circolatore ad alta efficienza a velocità variabile dedicato al flusso d'acqua diretto attraverso lo scambiatore della pompa di calore.,
Discharge Relief Vent / Discharge Line,Health & Safety,Tuyau d'évacuation / Purge de sécurité,Tubo de descarga de seguridad,Abblaseleitung / Sicherheitsabfluss,Condotto di scarico della valvola di sicurezza,Dedicated safety blow-down pipe engineered to vent high-pressure hydraulic/refrigerant relief valves away from structures.,Conduit de décharge sécurisé dimensionné pour évacuer l'eau ou le fluide des soupapes de sécurité à l'écart du bâtiment.,Tubería de descarga de seguridad diseñada para evacuar fluidos a alta presión fuera de la estructura.,Sicherheits-Abblaseleitung zur gefahrlosen Ableitung von Überdruck aus Sicherheitsventilen ins Freie.,Tubazione di scarico di sicurezza progettata per convogliare all'esterno dell'edificio i fluidi ad alta pressione dalle valvole di sicurezza.,
Anti-Vibration Mounting Feet,Health & Safety,Plots antivibratiles / Dalles pignon,Soportes antivibratorios de caucho,Schwingungsdämpfer / Dämpfungsfüße (Rubberfoot),Supporti antivibranti in gomma,Heavy-duty vulcanized rubber blocks under outdoor casing absorbing operating compressor/fan structural resonance.,Plots en caoutchouc vulcanisé placés sous le châssis extérieur pour absorber les vibrations du compresseur et du ventilateur.,Soportes de caucho vulcanizado colocados bajo la unidad exterior para absorber las vibraciones del compresor y del ventilador.,Dämpfungsfüße aus vulkanisiertem Gummi unter dem Außengerät zur Absorption von Kompressor- und Ventilatorschwingungen.,Supporti antivibranti in gomma vulcanizzata posizionati sotto il telaio esterno per assorbire le vibrazioni di compressore e ventilatore.,
Pre-Insulated Underground Pipe,Mechanical,Tube enterré pré-isolé / Liaison bi-tube enterrée,Tubería preaislada para enterrar,Fernwärmeleitung / Pre-isoliertes Erdrohr,Tubazione preisolata per interramento,Flexible corrugated twin conduit containing oxygen-barrier PEX/Copper pipes surrounded by thick thermal foam for ground runs.,Conduit enterré flexible bi-tube en PEX ou cuivre entouré d'une isolation thermique renforcée pour les liaisons extérieures.,Tubería preaislada flexible de doble tubo (PEX o cobre) alojada en funda corrugada para tramos enterrados.,"Flexible, pre-isolierte Doppelrohr-Erdleitung (PEX/Kupfer) in gewelltem Schutzrohr für die wärmeverlustfreie Verlegung im Erdreich.",Condotto preisolato flessibile binato (PEX o rame) inserito in guaina corrugata per tratte interrate dall'esterno all'interno.,
Blowtorch,Mechanical,Chalumeau (à gaz),Soplete,Lötlampe / Gasbrenner,Cannello per saldatura / Lampada a saldare,Portable propane/MAP-gas torch used by plumbers to heat copper pipework for capillary soldering.,Chalumeau portable à gaz (propane/MAP-Pro) utilisé pour chauffer le cuivre lors des soudures et brasures.,Soplete portátil de gas (propano/MAPP) utilizado por los instaladores para calentar tuberías de cobre al soldar.,Tragbarer Gasbrenner (Propan/MAP) zum Erwärmen von Kupferrohren beim Weich- und Hartlöten.,Cannello portatile a gas (propano/MAP) utilizzato dagli installatori per scaldare i tubi di rame durante la saldatura.,
Flux,Mechanical,Décapant / Flux de brasage,Decapante / Fundente,Flussmittel,Decapante / Flusso per saldatura,Chemical cleaning agent applied to copper joints prior to heating to prevent oxidation and ensure solder flow.,Décapant chimique appliqué sur le cuivre avant chauffe pour dissoudre les oxydes et faciliter le soulèvement du métal d'apport.,Fundente químico aplicado en las uniones de cobre para limpiar los óxidos y permitir el flujo del material de aportación.,Chemisches Flussmittel zur Reinigung der Lötstelle und Verhinderung von Oxidation während des Lötvorgangs.,Pasta decapante chimica applicata sulle giunzioni in rame prima del riscaldamento per eliminare gli ossidi e favorire la saldatura.,
Solder,Mechanical,Métal d'apport / Étain à braser,Metal de aportación / Estaño de soldar,Lötzinn / Weichlot,Stagno per saldatura / Lega d'apporto,"Low-melting-point alloy wire used to make permanent, watertight capillary joints on copper pipework.",Fil d'alliage à bas point de fusion (étain/argent) utilisé pour réaliser des assemblages étanches par capillarité.,Hilo de aleación (estaño/plata) de bajo punto de fusión utilizado para realizar juntas capilares estancas en cobre.,"Lötdraht (Weichlot/Silberlot) zum Erstellen kapillarer, wasserdichter Rohrverbindungen.",Lega d'apporto in filo (stagno/argento) a basso punto di fusione usata per realizzare giunzioni capillari a tenuta idraulica.,
Jointing Compound,Mechanical,Pâte à joint / Graisse d'étanchéité,Pasta para juntas / Sellador de roscas,Gewindedichtmittel / Dichtungspaste,Pasta per giunzioni / Paga idraulica,Non-setting paste applied to threaded fittings or hemp seals to prevent water leaks.,Pâte d'étanchéité non séchante appliquée sur les raccordements filetés ou la filasse pour éviter les fuites d'eau.,Sellador de roscas en pasta no secante aplicado sobre accesorios roscados o cáñamo para prevenir fugas de agua.,Nicht aushärtende Dichtungspaste für Gewindeverbindungen (oft in Kombination mit Hanf) zur Abdichtung von Wasserleitungen.,Pasta sigillante per filetti non essiccante usata su raccordi filettati o canapa per prevenire perdite d'acqua.,
Compression Fittings,Mechanical,Raccords à bague / Raccords bicone,Accesorios de compresión / Racores bicono,Klemmringverschraubungen,Raccordi a compressione / Raccordi a ogiva,Mechanical pipe joints using a brass olive (ring) compressed between a nut and fitting body.,Raccords mécaniques assemblés par serrage d'une bague ou olive en laiton entre le pignon et l'écrou.,Accesorios mecánicos que consiguen la estanqueidad mediante la compresión de un bicono o anillo de latón al apretar la tuerca.,"Klemmringverschraubung, bei der ein Messing-Klemmring durch Anziehen der Überwurfmutter auf dem Rohr abgedichtet wird.",Raccordi meccanici a stringere in cui un'ogiva in ottone viene compressa sul tubo serrando il dado.,
Soldered Fittings,Mechanical,Raccords à braser / Raccords à souder,Accesorios para soldar,Kapillarlötfittings,Raccordi a saldare,Copper or brass fittings designed for capillary capillary capillary capillary capillary soft or hard soldering.,Raccords en cuivre ou laiton calibrés pour l'assemblage étanche par capillarité (brasure tendre ou forte).,Accesorios de cobre o latón diseñados para uniones capilares mediante soldadura blanda o fuerte.,Kapillarlötfittings aus Kupfer oder Rotguss für Weich- oder Hartlötverbindungen.,Raccordi in rame o bronzo sagomati per giunzioni capillari mediante saldatura morbida o forte.,
Press-Fit Fitting,Mechanical,Raccord à sertir (Cuivre / Multicouche),Accesorio de prensar / Press-fitting,Pressfitting,Raccordo a pressare,Pipe fittings secured mechanically using a powered press tool jaw over an internal EPDM rubber O-ring.,Raccord mécanique à sertir étanché par un joint torique EPDM à l'aide d'une pince à sertir hydraulique.,Accesorio de unión mecánica prensado mediante máquina hidráulica con junta tórica de EPDM integrada.,"Mechanisches Pressfitting mit internem EPDM-Dichtring, das mit einer speziellen Presszange verpresst wird.",Raccordo a pressare meccanico con guarnizione O-ring in EPDM deformato mediante pressatrice idraulica.,
3-Core Cable,Electrical,Câble 3 conducteurs (3G),Cable de 3 h conductores / Cable tripolar,3-adriges Kabel,Cavo tripolare / Cavo a 3 conduttori,"Single-phase power supply cable containing Live, Neutral, and Earth (Ground) conductors.","Câble électrique monophasé composé de 3 conducteurs : Phase, Neutre et Terre.","Cable de alimentación monofásica que contiene 3 conductores: Fase, Neutro y Toma de tierra.","Drehstrom- oder Wechselstromkabel mit 3 Adern: Phase (L), Neutralleiter (N) und Schutzleiter (PE).","Cavo di alimentazione monofase contenente 3 conduttori: Fase, Neutro e Terra.",
4-Core Cable,Electrical,Câble 4 conducteurs (4G),Cable de 4 h conductores / Cable tetrapolar,4-adriges Kabel,Cavo tetrapolare / Cavo a 4 conduttori,Wiring used for 3-phase systems without neutral or for single-phase control circuits requiring switched signal lines.,Câble composé de 4 conducteurs utilisé pour le triphasé sans neutre ou pour les liaisons de commande avec contact retour.,Cable de 4 conductores utilizado en sistemas trifásicos sin neutro o en circuitos de control monofásicos con retorno.,4-adriges Kabel für Drehstrom ohne Neutralleiter oder für Steuerungskreise mit geschalteten Signaladern.,Cavo a 4 conduttori utilizzato per sistemi trifase senza neutro o per circuiti di comando con segnali commutati.,
5-Core Cable,Electrical,Câble 5 conducteurs (5G),Cable de 5 h conductores / Cable pentapolar,5-adriges Kabel,Cavo pentapolare / Cavo a 5 conduttori,"Standard 3-phase supply cable containing 3 Phase conductors, Neutral, and Earth (Ground).","Câble d'alimentation triphasé standard composé des 3 Phases, du Neutre et de la Terre.","Cable de alimentación trifásica estándar que contiene 3 conductores de Fase, 1 Neutro y 1 Toma de tierra.","Standard-Kabel für Drehstromanschlüsse bestehend aus 3 Phasen (L1, L2, L3), Neutralleiter (N) und Schutzleiter (PE).","Cavo di alimentazione trifase standard contenente 3 conduttori di Fase, Neutro e Terra.",
Heat Resistant Cable,Electrical,Câble résistant à la chaleur / Câble silicone,Cable resistente al calor / Cable de alta temperatura,Wärmebeständige Leitung / Silikonkabel,Cavo termoresistente / Cavo al silicone,"High-temperature rated flexible wiring (e.g., HO5RN-F or silicone-sheathed) used in proximity to hot water tanks or backup heaters.",Câble souple à isolation haute température (ex. silicone ou HO5RN-F) recommandé à proximité du ballon ou des appoint électriques.,Cable flexible de alta temperatura (ej. silicona o goma) para conexiones cercanas a depósitos o resistencias eléctricas.,Wärmebeständige flexible Leitung (z. B. Silikonleitung) für den Anschluss im Nahbereich von Warmwasserspeichern und Heizstäben.,Cavo flessibile ad alta resistenza termica (es. silicone o gomma) adatto al collegamento vicino a bollitori o resistenze elettriche.,
Ferrules,Electrical,Embouts de câblage,Terminales de tubo / Punteras huecas,Aderendhülsen,Puntalini / Capocorda a tubetto,Tin-plated copper sleeves crimped onto stripped stranded wire ends before clamping into screw terminals.,Embouts en cuivre étamé sertis sur les extrémités des câbles souples multibrins avant leur insertion dans les borniers à vis.,Punteras de cobre estañado prensadas en las puntas de cables flexibles multifilar antes de fijarlos en bornes de tornillo.,Aderendhülsen aus verzinntem Kupfer zum Schutz feindrähtiger Leiterenden vor dem Festklemmen in Schraubklemmen.,Puntalini in rame stagnato crimpati sulle estremità dei cavi flessibili multifilo prima del serraggio nei morsetti a vite.,
Thermal Paste / Compound,Electrical,Pâte thermique / Graisse silicone,Pasta térmica / Grasa conductora de calor,Wärmeleitpaste,Pasta termoconduttiva,Pasta termoconduttiva,Graisse silicone thermoconductrice appliquée sur les sondes insérées dans les doigts de gant pour optimiser le transfert thermique.,Pasta conductora de calor aplicada a las sondas de temperatura dentro de las vainas para mejorar la transferencia térmica.,Wärmeleitfähige Paste zur Optimierung des Wärmeübergangs zwischen Temperaturfühler und Tauchhülse.,Pasta termoconduttiva applicata sulle sonde di temperatura inserite nei pozzetti per ottimizzare il trasferimento termico.,
Immersion Well / Sensor Pocket,Electrical,Doigt de gant,Vaina porta-sonda / Portasondas,Tauchhülse,Pozzetto porta-sonda,Closed tube inserted into pipework or tanks allowing temperature sensors to be installed/replaced without draining system water.,Doigt de gant monté dans la tuyauterie permettant d'insérer ou remplacer une sonde de température sans vider le circuit.,Vaina de inserción montada en la tubería que permite colocar o sustituir sondas de temperatura sin vaciar la instalación.,In die Rohrleitung eingesetzte Hülse zur Aufnahme von Temperaturfühlern ohne Entleerung des Heizungswassers.,Pozzetto montato sulla tubazione che consente l'inserimento o la sostituzione delle sonde di temperatura senza svuotare l'impianto.,